Cedula,Nombre,Apellido,Telefono,Correo,Direccion
1800123456,Ana,López,0991234567,ana.lopez@email.com,Calle 10 y Av. 1
1800234567,Bryan,Pérez,0992345678,bryan.perez@email.com,Calle 2 y Av. 3
1800345678,Camila,Ramos,0993456789,camila.ramos@email.com,Av. Quito y Av. Loja
1800456789,David,Castro,0994567890,david.castro@email.com,Calle Bolívar y Montalvo
1800567890,Elena,Mora,0995678901,elena.mora@email.com,Av. Amazonas y Carchi
1800678912,Fernando,Ortiz,0996789012,fernando.ortiz@email.com,Calle Ricaurte y Mera
1800789123,Gabriela,Chávez,0997890123,gabriela.chavez@email.com,Calle 13 de Abril
1800891234,Hugo,Sánchez,0998901234,hugo.sanchez@email.com,Av. Simón Bolívar
1800912345,Isabel,Núñez,0999012345,isabel.nunez@email.com,Calle Espejo y Montalvo
1801023456,Javier,Villalba,0990123456,javier.villalba@email.com,Calle Bolívar y Quito
1801123456,Karen,Torres,0987654321,karen.torres@email.com,Av. Cevallos
1801223456,Luis,Benítez,0987543210,luis.benitez@email.com,Calle 12 de Octubre
1801323456,Mónica,Reinoso,0987432109,monica.reinoso@email.com,Calle Rocafuerte
1801423456,Nicolás,Zambrano,0987321098,nicolas.zambrano@email.com,Calle Letamendi
1801523456,Olga,Salazar,0987210987,olga.salazar@email.com,Calle A y B
1801623456,Pedro,Delgado,0987109876,pedro.delgado@email.com,Calle Guayaquil
1801723456,Quintina,Pazmiño,0987098765,quintina.pazmino@email.com,Calle San Juan
1801823456,Rosa,Alarcón,0986987654,rosa.alarcon@email.com,Calle Manuela Sáenz
1801923456,Sergio,Barrera,0986876543,sergio.barrera@email.com,Calle Francisco de Orellana
1802023456,Tamara,Cobos,0986765432,tamara.cobos@email.com,Calle Mera y Ayacucho
1802123456,Ubaldo,Quiroz,0986654321,ubaldo.quiroz@email.com,Calle Río Pastaza
1802223456,Valeria,Cárdenas,0986543210,valeria.cardenas@email.com,Calle Río Chibunga
1802323456,Wilson,Andrade,0986432109,wilson.andrade@email.com,Calle Ambato y Oriente
1802423456,Ximena,Luna,0986321098,ximena.luna@email.com,Calle 6 de Diciembre
1802523456,Yadira,Cueva,0986210987,yadira.cueva@email.com,Calle Pedro Vicente Maldonado
1802623456,Zamir,Espinoza,0986109876,zamir.espinoza@email.com,Calle Loja y Carchi
