ID,Nombre,Detalle,Precio,Stock
P001,Café,Granos de café premium,2.50,100
P002,Azúcar,Azúcar blanca refinada,1.00,200
P003,Arroz,Arroz extra largo,1.20,150
P004,Leche,Leche entera 1L,1.50,80
P005,Pan,Panes surtidos,0.50,300
P006,Sal,Sal marina,0.80,100
P007,Aceite,Aceite vegetal 1L,2.20,90
P008,Harina,Harina de trigo,1.10,120
P009,Fideos,Fideos de pasta corta,1.00,130
P010,Atún,Atún en lata,1.75,60
P011,Detergente,Detergente en polvo,3.50,70
P012,Jabón,Jabón de tocador,0.60,150
P013,Shampoo,Shampoo con vitaminas,2.90,80
P014,Desinfectante,Desinfectante multiusos,2.00,85
P015,Papel Higiénico,Paquete de 12 rollos,3.80,100
P016,Galletas,Galletas surtidas,1.30,110
P017,Refresco,Sobre de jugo en polvo,0.40,200
P018,Carne,Carne de res empaquetada,5.00,50
P019,Pollo,Muslos congelados,4.00,45
P020,Manzanas,Manzanas rojas,1.80,140
P021,Plátanos,Plátano maduro,0.30,160
P022,Cebollas,Cebolla perla,0.90,100
P023,Tomates,Tomate riñón,1.10,120
P024,Zanahorias,Zanahoria fresca,0.85,100
P025,Agua,Agua embotellada 500ml,0.60,200
